{
  "countryData": [
    { "value": "AF", "content": "Afghanistan" },
    { "value": "AL", "content": "Albania" },
    { "value": "DZ", "content": "Algeria" },
    { "value": "AD", "content": "Andorra" },
    { "value": "AO", "content": "Angola" },
    { "value": "AI", "content": "Anguilla" },
    { "value": "AG", "content": "Antigua and Barbuda" },
    { "value": "AR", "content": "Argentina" },
    { "value": "AM", "content": "Armenia" },
    { "value": "SH", "content": "Ascension" },
    { "value": "AU", "content": "Australia" },
    { "value": "AT", "content": "Austria" },
    { "value": "AZ", "content": "Azerbaijan" },
    { "value": "BS", "content": "Bahamas" },
    { "value": "BH", "content": "Bahrain" },
    { "value": "BH", "content": "Bahrain" },
    { "value": "BD", "content": "Bangladesh" },
    { "value": "BB", "content": "Barbados" },
    { "value": "BY", "content": "Belarus" },
    { "value": "BE", "content": "Belgium" },
    { "value": "BZ", "content": "Belize" },
    { "value": "BJ", "content": "Benin" },
    { "value": "BJ", "content": "Benin" },
    { "value": "BM", "content": "Bermuda Is." },
    { "value": "BM", "content": "Bermuda Is." },
    { "value": "BO", "content": "Bolivia" },
    { "value": "BO", "content": "Bolivia" },
    { "value": "BW", "content": "Botswana" },
    { "value": "BR", "content": "Brazil" },
    { "value": "BN", "content": "Brunei" },
    { "value": "BN", "content": "Brunei" },
    { "value": "BG", "content": "Bulgaria" },
    { "value": "BG", "content": "Bulgaria" },
    { "value": "BF", "content": "Burkina-faso" },
    { "value": "MM", "content": "Burma" },
    { "value": "BI", "content": "Burundi" },
    { "value": "BI", "content": "Burundi" },
    { "value": "CM", "content": "Cameroon" },
    { "value": "CA", "content": "Canada" },
    { "value": "CF", "content": "Central African Republic" },
    { "value": "TD", "content": "Chad" },
    { "value": "CL", "content": "Chile" },
    { "value": "CN", "content": "China" },
    { "value": "CO", "content": "Colombia" },
    { "value": "CG", "content": "Congo" },
    { "value": "CK", "content": "Cook Is." },
    { "value": "CR", "content": "Costa Rica" },
    { "value": "CU", "content": "Cuba" },
    { "value": "CY", "content": "Cyprus" },
    { "value": "CS", "content": "Czech" },
    { "value": "CZ", "content": "Czech Republic" },
    { "value": "DK", "content": "Denmark" },
    { "value": "DJ", "content": "Djibouti" },
    { "value": "DO", "content": "Dominica Rep." },
    { "value": "EC", "content": "Ecuador" },
    { "value": "EG", "content": "Egypt" },
    { "value": "SV", "content": "EI Salvador" },
    { "value": "EE", "content": "Estonia" },
    { "value": "ET", "content": "Ethiopia" },
    { "value": "FJ", "content": "Fiji" },
    { "value": "FI", "content": "Finland" },
    { "value": "FR", "content": "France" },
    { "value": "GF", "content": "French Guiana" },
    { "value": "PF", "content": "French Polynesia" },
    { "value": "GA", "content": "Gabon" },
    { "value": "GM", "content": "Gambia" },
    { "value": "GE", "content": "Georgia" },
    { "value": "DE", "content": "Germany" },
    { "value": "GH", "content": "Ghana" },
    { "value": "GI", "content": "Gibraltar" },
    { "value": "GR", "content": "Greece" },
    { "value": "GD", "content": "Grenada" },
    { "value": "GU", "content": "Guam" },
    { "value": "GT", "content": "Guatemala" },
    { "value": "GN", "content": "Guinea" },
    { "value": "GY", "content": "Guyana" },
    { "value": "HT", "content": "Haiti" },
    { "value": "HN", "content": "Honduras" },
    { "value": "HK", "content": "Hongkong" },
    { "value": "HU", "content": "Hungary" },
    { "value": "IS", "content": "Iceland" },
    { "value": "IN", "content": "India" },
    { "value": "ID", "content": "Indonesia" },
    { "value": "IR", "content": "Iran" },
    { "value": "IQ", "content": "Iraq" },
    { "value": "IE", "content": "Ireland" },
    { "value": "IL", "content": "Israel" },
    { "value": "IT", "content": "Italy" },
    { "value": "JM", "content": "Jamaica" },
    { "value": "JP", "content": "Japan" },
    { "value": "JO", "content": "Jordan" },
    { "value": "KH", "content": "Kampuchea (Cambodia)" },
    { "value": "KZ", "content": "Kazakstan" },
    { "value": "KE", "content": "Kenya" },
    { "value": "KR", "content": "Korea" },
    { "value": "KW", "content": "Kuwait" },
    { "value": "KG", "content": "Kyrgyzstan" },
    { "value": "LA", "content": "Laos" },
    { "value": "LV", "content": "Latvia" },
    { "value": "LB", "content": "Lebanon" },
    { "value": "LS", "content": "Lesotho" },
    { "value": "LR", "content": "Liberia" },
    { "value": "LY", "content": "Libya" },
    { "value": "LI", "content": "Liechtenstein" },
    { "value": "LT", "content": "Lithuania" },
    { "value": "LU", "content": "Luxembourg" },
    { "value": "MO", "content": "Macao" },
    { "value": "MG", "content": "Madagascar" },
    { "value": "MW", "content": "Malawi" },
    { "value": "MY", "content": "Malaysia" },
    { "value": "MV", "content": "Maldives" },
    { "value": "ML", "content": "Mali" },
    { "value": "MT", "content": "Malta" },
    { "value": "MU", "content": "Mauritius" },
    { "value": "MX", "content": "Mexico" },
    { "value": "MD", "content": "Moldova, Republic of" },
    { "value": "MC", "content": "Monaco" },
    { "value": "MN", "content": "Mongolia" },
    { "value": "MS", "content": "Montserrat Is" },
    { "value": "MA", "content": "Morocco" },
    { "value": "MZ", "content": "Mozambique" },
    { "value": "NA", "content": "Namibia" },
    { "value": "NR", "content": "Nauru" },
    { "value": "NP", "content": "Nepal" },
    { "value": "NL", "content": "Netherlands" },
    { "value": "NZ", "content": "New Zealand" },
    { "value": "NI", "content": "Nicaragua" },
    { "value": "NE", "content": "Niger" },
    { "value": "NG", "content": "Nigeria" },
    { "value": "KP", "content": "North Korea" },
    { "value": "NO", "content": "Norway" },
    { "value": "OM", "content": "Oman" },
    { "value": "PK", "content": "Pakistan" },
    { "value": "BL", "content": "Palestine" },
    { "value": "BL", "content": "Palestine" },
    { "value": "PA", "content": "Panama" },
    { "value": "PG", "content": "Papua New Guinea" },
    { "value": "PY", "content": "Paraguay" },
    { "value": "PE", "content": "Peru" },
    { "value": "PH", "content": "Philippines" },
    { "value": "PL", "content": "Poland" },
    { "value": "PT", "content": "Portugal" },
    { "value": "PR", "content": "Puerto Rico" },
    { "value": "QA", "content": "Qatar" },
    { "value": "KT", "content": "Republic of Ivory Coast" },
    { "value": "RO", "content": "Romania" },
    { "value": "RU", "content": "Russia" },
    { "value": "VC", "content": "Saint Vincent" },
    { "value": "SM", "content": "San Marino" },
    { "value": "ST", "content": "Sao Tome and Principe" },
    { "value": "SA", "content": "Saudi Arabia" },
    { "value": "SN", "content": "Senegal" },
    { "value": "SC", "content": "Seychelles" },
    { "value": "SL", "content": "Sierra Leone" },
    { "value": "SG", "content": "Singapore" },
    { "value": "SK", "content": "Slovakia" },
    { "value": "SI", "content": "Slovenia" },
    { "value": "SB", "content": "Solomon Is" },
    { "value": "SO", "content": "Somali" },
    { "value": "ZA", "content": "South Africa" },
    { "value": "ES", "content": "Spain" },
    { "value": "LK", "content": "Sri Lanka" },
    { "value": "LC", "content": "St.Lucia" },
    { "value": "SD", "content": "Sudan" },
    { "value": "SR", "content": "Suriname" },
    { "value": "SZ", "content": "Swaziland" },
    { "value": "SE", "content": "Sweden" },
    { "value": "CH", "content": "Switzerland" },
    { "value": "SY", "content": "Syria" },
    { "value": "TW", "content": "Taiwan" },
    { "value": "TJ", "content": "Tajikistan" },
    { "value": "TZ", "content": "Tanzania" },
    { "value": "TH", "content": "Thailand" },
    { "value": "TG", "content": "Togo" },
    { "value": "TO", "content": "Tonga" },
    { "value": "TT", "content": "Trinidad and Tobago" },
    { "value": "TN", "content": "Tunisia" },
    { "value": "TR", "content": "Turkey" },
    { "value": "TM", "content": "Turkmenistan" },
    { "value": "UG", "content": "Uganda" },
    { "value": "UA", "content": "Ukraine" },
    { "value": "AE", "content": "United Arab Emirates" },
    { "value": "GB", "content": "United Kingdom" },
    { "value": "US", "content": "United States of America" },
    { "value": "UY", "content": "Uruguay" },
    { "value": "UZ", "content": "Uzbekistan" },
    { "value": "VE", "content": "Venezuela" },
    { "value": "VN", "content": "Vietnam" },
    { "value": "YE", "content": "Yemen" },
    { "value": "YU", "content": "Yugoslavia" },
    { "value": "ZR", "content": "Zaire" },
    { "value": "ZM", "content": "Zambia" },
    { "value": "ZW", "content": "Zimbabwe" }
  ]
}
